{
  "project_info": {
    "project_number": "58475710379",
    "firebase_url": "https://cocleanv1.firebaseio.com",
    "project_id": "cocleanv1",
    "storage_bucket": "cocleanv1.appspot.com"
  },
  "client": [
    {
      "client_info": {
        "mobilesdk_app_id": "1:58475710379:android:1b5abc5eebf8f2f1",
        "android_client_info": {
          "package_name": "no.hiof.berziwasfy.cocleanv0"
        }
      },
      "oauth_client": [
        {
          "client_id": "58475710379-6nn85hkqh692f74p8cpp5s2pk7umckd3.apps.googleusercontent.com",
          "client_type": 1,
          "android_info": {
            "package_name": "no.hiof.berziwasfy.cocleanv0",
            "certificate_hash": "d353125d05bd5cfe7e27f3ea2178d4fb22b8dc76"
          }
        },
        {
          "client_id": "58475710379-14edkopfrsf97c30p1s3e5c93iuglegu.apps.googleusercontent.com",
          "client_type": 3
        }
      ],
      "api_key": [
        {
          "current_key": "AIzaSyBXAhQe1h4Tjxx4ysd5WZYAD1QZPQeS01Y"
        }
      ],
      "services": {
        "analytics_service": {
          "status": 1
        },
        "appinvite_service": {
          "status": 2,
          "other_platform_oauth_client": [
            {
              "client_id": "58475710379-14edkopfrsf97c30p1s3e5c93iuglegu.apps.googleusercontent.com",
              "client_type": 3
            }
          ]
        },
        "ads_service": {
          "status": 2
        }
      }
    }
  ],
  "configuration_version": "1"
}